node_id,rsn
1,Visual
2,Visual
3,Visual
4,Visual
5,Visual
6,Visual
7,Visual
8,Visual
9,Visual
10,Visual
11,Visual
12,Visual
13,Visual
14,Visual
15,Visual
16,Visual
17,Visual
18,Visual
19,Visual
20,Visual
21,Visual
22,Visual
23,Visual
24,Visual
25,Visual
26,Visual
27,Visual
28,Visual
29,Visual
30,Visual
31,Visual
32,SomMot
33,SomMot
34,SomMot
35,SomMot
36,SomMot
37,SomMot
38,SomMot
39,SomMot
40,SomMot
41,SomMot
42,SomMot
43,SomMot
44,SomMot
45,SomMot
46,SomMot
47,SomMot
48,SomMot
49,SomMot
50,SomMot
51,SomMot
52,SomMot
53,SomMot
54,SomMot
55,SomMot
56,SomMot
57,SomMot
58,SomMot
59,SomMot
60,SomMot
61,SomMot
62,SomMot
63,SomMot
64,SomMot
65,SomMot
66,SomMot
67,SomMot
68,SomMot
69,DorsAtt
70,DorsAtt
71,DorsAtt
72,DorsAtt
73,DorsAtt
74,DorsAtt
75,DorsAtt
76,DorsAtt
77,DorsAtt
78,DorsAtt
79,DorsAtt
80,DorsAtt
81,DorsAtt
82,DorsAtt
83,DorsAtt
84,DorsAtt
85,DorsAtt
86,DorsAtt
87,DorsAtt
88,DorsAtt
89,DorsAtt
90,DorsAtt
91,DorsAtt
92,SalVentAtt
93,SalVentAtt
94,SalVentAtt
95,SalVentAtt
96,SalVentAtt
97,SalVentAtt
98,SalVentAtt
99,SalVentAtt
100,SalVentAtt
101,SalVentAtt
102,SalVentAtt
103,SalVentAtt
104,SalVentAtt
105,SalVentAtt
106,SalVentAtt
107,SalVentAtt
108,SalVentAtt
109,SalVentAtt
110,SalVentAtt
111,SalVentAtt
112,SalVentAtt
113,SalVentAtt
114,Limbic
115,Limbic
116,Limbic
117,Limbic
118,Limbic
119,Limbic
120,Limbic
121,Limbic
122,Limbic
123,Limbic
124,Limbic
125,Limbic
126,Limbic
127,Control
128,Control
129,Control
130,Control
131,Control
132,Control
133,Control
134,Control
135,Control
136,Control
137,Control
138,Control
139,Control
140,Control
141,Control
142,Control
143,Control
144,Control
145,Control
146,Control
147,Control
148,Control
149,Default
150,Default
151,Default
152,Default
153,Default
154,Default
155,Default
156,Default
157,Default
158,Default
159,Default
160,Default
161,Default
162,Default
163,Default
164,Default
165,Default
166,Default
167,Default
168,Default
169,Default
170,Default
171,Default
172,Default
173,Default
174,Default
175,Default
176,Default
177,Default
178,Default
179,Default
180,Default
181,Default
182,Default
183,Default
184,Default
185,Default
186,Default
187,Default
188,Default
189,Default
190,Default
191,Default
192,Default
193,Default
194,Default
195,Default
196,Default
197,Default
198,Default
199,Default
200,Default
201,Visual
202,Visual
203,Visual
204,Visual
205,Visual
206,Visual
207,Visual
208,Visual
209,Visual
210,Visual
211,Visual
212,Visual
213,Visual
214,Visual
215,Visual
216,Visual
217,Visual
218,Visual
219,Visual
220,Visual
221,Visual
222,Visual
223,Visual
224,Visual
225,Visual
226,Visual
227,Visual
228,Visual
229,Visual
230,Visual
231,SomMot
232,SomMot
233,SomMot
234,SomMot
235,SomMot
236,SomMot
237,SomMot
238,SomMot
239,SomMot
240,SomMot
241,SomMot
242,SomMot
243,SomMot
244,SomMot
245,SomMot
246,SomMot
247,SomMot
248,SomMot
249,SomMot
250,SomMot
251,SomMot
252,SomMot
253,SomMot
254,SomMot
255,SomMot
256,SomMot
257,SomMot
258,SomMot
259,SomMot
260,SomMot
261,SomMot
262,SomMot
263,SomMot
264,SomMot
265,SomMot
266,SomMot
267,SomMot
268,SomMot
269,SomMot
270,SomMot
271,DorsAtt
272,DorsAtt
273,DorsAtt
274,DorsAtt
275,DorsAtt
276,DorsAtt
277,DorsAtt
278,DorsAtt
279,DorsAtt
280,DorsAtt
281,DorsAtt
282,DorsAtt
283,DorsAtt
284,DorsAtt
285,DorsAtt
286,DorsAtt
287,DorsAtt
288,DorsAtt
289,DorsAtt
290,DorsAtt
291,DorsAtt
292,DorsAtt
293,DorsAtt
294,SalVentAtt
295,SalVentAtt
296,SalVentAtt
297,SalVentAtt
298,SalVentAtt
299,SalVentAtt
300,SalVentAtt
301,SalVentAtt
302,SalVentAtt
303,SalVentAtt
304,SalVentAtt
305,SalVentAtt
306,SalVentAtt
307,SalVentAtt
308,SalVentAtt
309,SalVentAtt
310,SalVentAtt
311,SalVentAtt
312,SalVentAtt
313,SalVentAtt
314,SalVentAtt
315,SalVentAtt
316,SalVentAtt
317,SalVentAtt
318,SalVentAtt
319,Limbic
320,Limbic
321,Limbic
322,Limbic
323,Limbic
324,Limbic
325,Limbic
326,Limbic
327,Limbic
328,Limbic
329,Limbic
330,Limbic
331,Limbic
332,Control
333,Control
334,Control
335,Control
336,Control
337,Control
338,Control
339,Control
340,Control
341,Control
342,Control
343,Control
344,Control
345,Control
346,Control
347,Control
348,Control
349,Control
350,Control
351,Control
352,Control
353,Control
354,Control
355,Control
356,Control
357,Control
358,Control
359,Control
360,Control
361,Control
362,Default
363,Default
364,Default
365,Default
366,Default
367,Default
368,Default
369,Default
370,Default
371,Default
372,Default
373,Default
374,Default
375,Default
376,Default
377,Default
378,Default
379,Default
380,Default
381,Default
382,Default
383,Default
384,Default
385,Default
386,Default
387,Default
388,Default
389,Default
390,Default
391,Default
392,Default
393,Default
394,Default
395,Default
396,Default
397,Default
398,Default
399,Default
400,Default
