selection_name,eigenvector_index,use_adjacency,use_laplacian
paper_supplementary_subset,7,1,1
paper_supplementary_subset,8,1,1
paper_supplementary_subset,9,1,1
paper_supplementary_subset,12,1,1
paper_supplementary_subset,14,1,1
paper_supplementary_subset,17,1,1
paper_supplementary_subset,18,1,1
paper_supplementary_subset,19,1,1
paper_supplementary_subset,22,1,1
paper_supplementary_subset,23,1,1
paper_supplementary_subset,26,1,1
paper_supplementary_subset,30,1,1
paper_supplementary_subset,40,1,1
paper_supplementary_subset,45,1,1
paper_supplementary_subset,50,1,1
paper_supplementary_subset,56,1,1
paper_supplementary_subset,61,1,1
paper_supplementary_subset,85,1,1
paper_supplementary_subset,86,1,1
paper_supplementary_subset,92,1,1
paper_supplementary_subset,98,1,1
paper_supplementary_subset,109,1,1
paper_supplementary_subset,134,1,1
paper_supplementary_subset,146,1,1
paper_supplementary_subset,161,1,1
paper_supplementary_subset,166,1,1
paper_supplementary_subset,176,1,1
paper_supplementary_subset,184,1,1
paper_supplementary_subset,192,1,1
paper_supplementary_subset,201,1,1
paper_supplementary_subset,213,1,1
paper_supplementary_subset,228,1,1
paper_supplementary_subset,248,1,1
paper_supplementary_subset,249,1,1
paper_supplementary_subset,259,1,1
paper_supplementary_subset,261,1,1
paper_supplementary_subset,272,1,1
paper_supplementary_subset,275,1,1
paper_supplementary_subset,280,1,1
paper_supplementary_subset,281,1,1
paper_supplementary_subset,313,1,1
paper_supplementary_subset,314,1,1
paper_supplementary_subset,316,1,1
paper_supplementary_subset,317,1,1
paper_supplementary_subset,319,1,1
paper_supplementary_subset,337,1,1
paper_supplementary_subset,341,1,1
paper_supplementary_subset,349,1,1
paper_supplementary_subset,350,1,1
paper_supplementary_subset,358,1,1
paper_supplementary_subset,368,1,1
paper_supplementary_subset,378,1,1
paper_supplementary_subset,379,1,1
paper_supplementary_subset,383,1,1
paper_supplementary_subset,385,1,1
paper_supplementary_subset,395,1,1
paper_supplementary_subset,396,1,1
paper_supplementary_subset,397,1,1
paper_supplementary_subset,399,1,1
